{
  "best_global_step": 1900,
  "best_metric": 0.9563812600969306,
  "best_model_checkpoint": "LayoutLMv3-LoRA/checkpoint-1900",
  "epoch": 10.0,
  "eval_steps": 100,
  "global_step": 2000,
  "is_hyper_param_search": false,
  "is_local_process_zero": true,
  "is_world_process_zero": true,
  "log_history": [
    {
      "epoch": 0.25,
      "grad_norm": 3.687366008758545,
      "learning_rate": 1.9600000000000002e-05,
      "loss": 3.1241,
      "step": 50
    },
    {
      "epoch": 0.5,
      "grad_norm": 2.6900012493133545,
      "learning_rate": 3.960000000000001e-05,
      "loss": 2.6011,
      "step": 100
    },
    {
      "epoch": 0.5,
      "eval_accuracy": 0.42131747483989024,
      "eval_f1": 0.36740852508487365,
      "eval_loss": 2.184112787246704,
      "eval_precision": 0.3439265536723164,
      "eval_recall": 0.39433198380566803,
      "eval_runtime": 4.1292,
      "eval_samples_per_second": 24.218,
      "eval_steps_per_second": 6.055,
      "step": 100
    },
    {
      "epoch": 0.75,
      "grad_norm": 1.8845187425613403,
      "learning_rate": 5.96e-05,
      "loss": 1.8928,
      "step": 150
    },
    {
      "epoch": 1.0,
      "grad_norm": 2.7052037715911865,
      "learning_rate": 7.960000000000001e-05,
      "loss": 1.3877,
      "step": 200
    },
    {
      "epoch": 1.0,
      "eval_accuracy": 0.6829826166514181,
      "eval_f1": 0.5405813514533786,
      "eval_loss": 1.171683669090271,
      "eval_precision": 0.5063649222065064,
      "eval_recall": 0.5797570850202429,
      "eval_runtime": 4.1067,
      "eval_samples_per_second": 24.35,
      "eval_steps_per_second": 6.088,
      "step": 200
    },
    {
      "epoch": 1.25,
      "grad_norm": 2.247968912124634,
      "learning_rate": 9.960000000000001e-05,
      "loss": 1.1959,
      "step": 250
    },
    {
      "epoch": 1.5,
      "grad_norm": 2.87432861328125,
      "learning_rate": 0.00011960000000000001,
      "loss": 0.9479,
      "step": 300
    },
    {
      "epoch": 1.5,
      "eval_accuracy": 0.7895699908508692,
      "eval_f1": 0.7105471847739889,
      "eval_loss": 0.7489187717437744,
      "eval_precision": 0.6961926961926962,
      "eval_recall": 0.725506072874494,
      "eval_runtime": 4.1132,
      "eval_samples_per_second": 24.312,
      "eval_steps_per_second": 6.078,
      "step": 300
    },
    {
      "epoch": 1.75,
      "grad_norm": 2.5140669345855713,
      "learning_rate": 0.0001396,
      "loss": 0.7624,
      "step": 350
    },
    {
      "epoch": 2.0,
      "grad_norm": 2.3419904708862305,
      "learning_rate": 0.0001596,
      "loss": 0.6223,
      "step": 400
    },
    {
      "epoch": 2.0,
      "eval_accuracy": 0.843092406221409,
      "eval_f1": 0.798073063026897,
      "eval_loss": 0.5071764588356018,
      "eval_precision": 0.7914012738853503,
      "eval_recall": 0.8048582995951417,
      "eval_runtime": 4.11,
      "eval_samples_per_second": 24.331,
      "eval_steps_per_second": 6.083,
      "step": 400
    },
    {
      "epoch": 2.25,
      "grad_norm": 2.0866925716400146,
      "learning_rate": 0.0001796,
      "loss": 0.5329,
      "step": 450
    },
    {
      "epoch": 2.5,
      "grad_norm": 3.133596658706665,
      "learning_rate": 0.0001996,
      "loss": 0.4995,
      "step": 500
    },
    {
      "epoch": 2.5,
      "eval_accuracy": 0.8668801463860933,
      "eval_f1": 0.8379032258064516,
      "eval_loss": 0.41531163454055786,
      "eval_precision": 0.8345381526104417,
      "eval_recall": 0.8412955465587044,
      "eval_runtime": 4.1171,
      "eval_samples_per_second": 24.289,
      "eval_steps_per_second": 6.072,
      "step": 500
    },
    {
      "epoch": 2.75,
      "grad_norm": 2.8252103328704834,
      "learning_rate": 0.0001934666666666667,
      "loss": 0.4841,
      "step": 550
    },
    {
      "epoch": 3.0,
      "grad_norm": 2.4429614543914795,
      "learning_rate": 0.00018680000000000001,
      "loss": 0.447,
      "step": 600
    },
    {
      "epoch": 3.0,
      "eval_accuracy": 0.8874656907593779,
      "eval_f1": 0.8425667596652053,
      "eval_loss": 0.351482629776001,
      "eval_precision": 0.8296703296703297,
      "eval_recall": 0.8558704453441296,
      "eval_runtime": 4.1069,
      "eval_samples_per_second": 24.349,
      "eval_steps_per_second": 6.087,
      "step": 600
    },
    {
      "epoch": 3.25,
      "grad_norm": 2.275897264480591,
      "learning_rate": 0.00018013333333333334,
      "loss": 0.3569,
      "step": 650
    },
    {
      "epoch": 3.5,
      "grad_norm": 1.1193475723266602,
      "learning_rate": 0.00017346666666666666,
      "loss": 0.4099,
      "step": 700
    },
    {
      "epoch": 3.5,
      "eval_accuracy": 0.8879231473010064,
      "eval_f1": 0.8479743281187325,
      "eval_loss": 0.3499334454536438,
      "eval_precision": 0.8402225755166932,
      "eval_recall": 0.8558704453441296,
      "eval_runtime": 4.1077,
      "eval_samples_per_second": 24.345,
      "eval_steps_per_second": 6.086,
      "step": 700
    },
    {
      "epoch": 3.75,
      "grad_norm": 5.132059574127197,
      "learning_rate": 0.0001668,
      "loss": 0.3561,
      "step": 750
    },
    {
      "epoch": 4.0,
      "grad_norm": 2.5876662731170654,
      "learning_rate": 0.00016013333333333334,
      "loss": 0.2854,
      "step": 800
    },
    {
      "epoch": 4.0,
      "eval_accuracy": 0.9002744739249772,
      "eval_f1": 0.8656237464901725,
      "eval_loss": 0.2779703736305237,
      "eval_precision": 0.8577106518282989,
      "eval_recall": 0.8736842105263158,
      "eval_runtime": 4.1259,
      "eval_samples_per_second": 24.237,
      "eval_steps_per_second": 6.059,
      "step": 800
    },
    {
      "epoch": 4.25,
      "grad_norm": 1.7189240455627441,
      "learning_rate": 0.00015346666666666667,
      "loss": 0.2427,
      "step": 850
    },
    {
      "epoch": 4.5,
      "grad_norm": 5.963442325592041,
      "learning_rate": 0.00014680000000000002,
      "loss": 0.3074,
      "step": 900
    },
    {
      "epoch": 4.5,
      "eval_accuracy": 0.934583714547118,
      "eval_f1": 0.8978278358809332,
      "eval_loss": 0.20909900963306427,
      "eval_precision": 0.8920863309352518,
      "eval_recall": 0.9036437246963562,
      "eval_runtime": 4.1254,
      "eval_samples_per_second": 24.24,
      "eval_steps_per_second": 6.06,
      "step": 900
    },
    {
      "epoch": 4.75,
      "grad_norm": 3.7985429763793945,
      "learning_rate": 0.00014013333333333334,
      "loss": 0.2412,
      "step": 950
    },
    {
      "epoch": 5.0,
      "grad_norm": 1.4618291854858398,
      "learning_rate": 0.00013346666666666667,
      "loss": 0.2663,
      "step": 1000
    },
    {
      "epoch": 5.0,
      "eval_accuracy": 0.9510521500457456,
      "eval_f1": 0.9283690813435855,
      "eval_loss": 0.18768133223056793,
      "eval_precision": 0.9279935275080906,
      "eval_recall": 0.928744939271255,
      "eval_runtime": 4.1136,
      "eval_samples_per_second": 24.31,
      "eval_steps_per_second": 6.077,
      "step": 1000
    },
    {
      "epoch": 5.25,
      "grad_norm": 3.313960075378418,
      "learning_rate": 0.00012680000000000002,
      "loss": 0.2267,
      "step": 1050
    },
    {
      "epoch": 5.5,
      "grad_norm": 2.2805869579315186,
      "learning_rate": 0.00012013333333333334,
      "loss": 0.2028,
      "step": 1100
    },
    {
      "epoch": 5.5,
      "eval_accuracy": 0.9583714547118024,
      "eval_f1": 0.9325797335486476,
      "eval_loss": 0.1638692319393158,
      "eval_precision": 0.9299516908212561,
      "eval_recall": 0.9352226720647774,
      "eval_runtime": 4.1373,
      "eval_samples_per_second": 24.17,
      "eval_steps_per_second": 6.043,
      "step": 1100
    },
    {
      "epoch": 5.75,
      "grad_norm": 5.019707202911377,
      "learning_rate": 0.00011346666666666668,
      "loss": 0.2317,
      "step": 1150
    },
    {
      "epoch": 6.0,
      "grad_norm": 3.801265001296997,
      "learning_rate": 0.00010680000000000001,
      "loss": 0.2144,
      "step": 1200
    },
    {
      "epoch": 6.0,
      "eval_accuracy": 0.9542543458371455,
      "eval_f1": 0.9368932038834952,
      "eval_loss": 0.17060014605522156,
      "eval_precision": 0.9361358124494745,
      "eval_recall": 0.9376518218623482,
      "eval_runtime": 4.1248,
      "eval_samples_per_second": 24.243,
      "eval_steps_per_second": 6.061,
      "step": 1200
    },
    {
      "epoch": 6.25,
      "grad_norm": 3.788231372833252,
      "learning_rate": 0.00010013333333333335,
      "loss": 0.1736,
      "step": 1250
    },
    {
      "epoch": 6.5,
      "grad_norm": 2.3408591747283936,
      "learning_rate": 9.346666666666667e-05,
      "loss": 0.1929,
      "step": 1300
    },
    {
      "epoch": 6.5,
      "eval_accuracy": 0.9579139981701739,
      "eval_f1": 0.9347385488447506,
      "eval_loss": 0.15228165686130524,
      "eval_precision": 0.9358766233766234,
      "eval_recall": 0.9336032388663967,
      "eval_runtime": 4.1171,
      "eval_samples_per_second": 24.289,
      "eval_steps_per_second": 6.072,
      "step": 1300
    },
    {
      "epoch": 6.75,
      "grad_norm": 3.423170566558838,
      "learning_rate": 8.680000000000001e-05,
      "loss": 0.2147,
      "step": 1350
    },
    {
      "epoch": 7.0,
      "grad_norm": 3.0854785442352295,
      "learning_rate": 8.013333333333333e-05,
      "loss": 0.1612,
      "step": 1400
    },
    {
      "epoch": 7.0,
      "eval_accuracy": 0.9606587374199451,
      "eval_f1": 0.9437929640113224,
      "eval_loss": 0.15954548120498657,
      "eval_precision": 0.9426494345718901,
      "eval_recall": 0.9449392712550607,
      "eval_runtime": 4.1109,
      "eval_samples_per_second": 24.326,
      "eval_steps_per_second": 6.081,
      "step": 1400
    },
    {
      "epoch": 7.25,
      "grad_norm": 4.123152256011963,
      "learning_rate": 7.346666666666667e-05,
      "loss": 0.1672,
      "step": 1450
    },
    {
      "epoch": 7.5,
      "grad_norm": 2.120483636856079,
      "learning_rate": 6.680000000000001e-05,
      "loss": 0.1381,
      "step": 1500
    },
    {
      "epoch": 7.5,
      "eval_accuracy": 0.9656907593778591,
      "eval_f1": 0.9515738498789347,
      "eval_loss": 0.14772076904773712,
      "eval_precision": 0.9485116653258246,
      "eval_recall": 0.9546558704453442,
      "eval_runtime": 4.1295,
      "eval_samples_per_second": 24.216,
      "eval_steps_per_second": 6.054,
      "step": 1500
    },
    {
      "epoch": 7.75,
      "grad_norm": 1.0677647590637207,
      "learning_rate": 6.013333333333334e-05,
      "loss": 0.1688,
      "step": 1550
    },
    {
      "epoch": 8.0,
      "grad_norm": 3.9284584522247314,
      "learning_rate": 5.346666666666667e-05,
      "loss": 0.1773,
      "step": 1600
    },
    {
      "epoch": 8.0,
      "eval_accuracy": 0.9634034766697164,
      "eval_f1": 0.9516129032258065,
      "eval_loss": 0.14277680218219757,
      "eval_precision": 0.9477911646586346,
      "eval_recall": 0.9554655870445344,
      "eval_runtime": 4.1233,
      "eval_samples_per_second": 24.253,
      "eval_steps_per_second": 6.063,
      "step": 1600
    },
    {
      "epoch": 8.25,
      "grad_norm": 7.6618242263793945,
      "learning_rate": 4.6800000000000006e-05,
      "loss": 0.1479,
      "step": 1650
    },
    {
      "epoch": 8.5,
      "grad_norm": 3.0671744346618652,
      "learning_rate": 4.013333333333333e-05,
      "loss": 0.1599,
      "step": 1700
    },
    {
      "epoch": 8.5,
      "eval_accuracy": 0.9656907593778591,
      "eval_f1": 0.9540322580645161,
      "eval_loss": 0.13854363560676575,
      "eval_precision": 0.9502008032128514,
      "eval_recall": 0.9578947368421052,
      "eval_runtime": 4.1386,
      "eval_samples_per_second": 24.163,
      "eval_steps_per_second": 6.041,
      "step": 1700
    },
    {
      "epoch": 8.75,
      "grad_norm": 3.5911712646484375,
      "learning_rate": 3.346666666666667e-05,
      "loss": 0.1226,
      "step": 1750
    },
    {
      "epoch": 9.0,
      "grad_norm": 2.5559229850769043,
      "learning_rate": 2.6800000000000004e-05,
      "loss": 0.1419,
      "step": 1800
    },
    {
      "epoch": 9.0,
      "eval_accuracy": 0.9670631290027447,
      "eval_f1": 0.9563459983831852,
      "eval_loss": 0.138017475605011,
      "eval_precision": 0.9548022598870056,
      "eval_recall": 0.9578947368421052,
      "eval_runtime": 4.1397,
      "eval_samples_per_second": 24.156,
      "eval_steps_per_second": 6.039,
      "step": 1800
    },
    {
      "epoch": 9.25,
      "grad_norm": 2.2974116802215576,
      "learning_rate": 2.0133333333333336e-05,
      "loss": 0.1472,
      "step": 1850
    },
    {
      "epoch": 9.5,
      "grad_norm": 0.60825514793396,
      "learning_rate": 1.3466666666666666e-05,
      "loss": 0.1201,
      "step": 1900
    },
    {
      "epoch": 9.5,
      "eval_accuracy": 0.9684354986276303,
      "eval_f1": 0.9563812600969306,
      "eval_loss": 0.13715755939483643,
      "eval_precision": 0.9540692989524577,
      "eval_recall": 0.9587044534412955,
      "eval_runtime": 4.1281,
      "eval_samples_per_second": 24.224,
      "eval_steps_per_second": 6.056,
      "step": 1900
    },
    {
      "epoch": 9.75,
      "grad_norm": 0.37620604038238525,
      "learning_rate": 6.800000000000001e-06,
      "loss": 0.1627,
      "step": 1950
    },
    {
      "epoch": 10.0,
      "grad_norm": 2.9927432537078857,
      "learning_rate": 1.3333333333333334e-07,
      "loss": 0.1194,
      "step": 2000
    },
    {
      "epoch": 10.0,
      "eval_accuracy": 0.9675205855443733,
      "eval_f1": 0.9543802987484862,
      "eval_loss": 0.13720116019248962,
      "eval_precision": 0.9516908212560387,
      "eval_recall": 0.957085020242915,
      "eval_runtime": 4.1301,
      "eval_samples_per_second": 24.213,
      "eval_steps_per_second": 6.053,
      "step": 2000
    }
  ],
  "logging_steps": 50,
  "max_steps": 2000,
  "num_input_tokens_seen": 0,
  "num_train_epochs": 10,
  "save_steps": 100,
  "stateful_callbacks": {
    "EarlyStoppingCallback": {
      "args": {
        "early_stopping_patience": 2,
        "early_stopping_threshold": 0.0
      },
      "attributes": {
        "early_stopping_patience_counter": 1
      }
    },
    "TrainerControl": {
      "args": {
        "should_epoch_stop": false,
        "should_evaluate": false,
        "should_log": false,
        "should_save": true,
        "should_training_stop": true
      },
      "attributes": {}
    }
  },
  "total_flos": 2145856339968000.0,
  "train_batch_size": 4,
  "trial_name": null,
  "trial_params": null
}
